{"cameraMode":{"drawMode":0,"name":"Shaded","section":"Shading Mode"},"sceneLighting":true,"audioPlay":false,"sceneViewState":{"showFog":true,"showMaterialUpdate":false,"showSkybox":false,"showFlares":true,"showImageEffects":true,"showParticleSystems":true,"showVisualEffectGraphs":true,"m_FxEnabled":true},"in2DMode":false,"pivot":{"x":11.105337142944336,"y":-4.791088581085205,"z":-10.73318862915039},"rotation":{"x":0.1092689260840416,"y":-0.014909584075212479,"z":0.0016391606768593193,"w":0.9938973188400269},"size":12.12435531616211,"orthographic":false}