{"cameraMode":{"drawMode":0,"name":"Shaded","section":"Shading Mode"},"sceneLighting":true,"audioPlay":false,"sceneViewState":{"showFog":true,"showMaterialUpdate":false,"showSkybox":true,"showFlares":true,"showImageEffects":true,"showParticleSystems":true,"showVisualEffectGraphs":true,"m_FxEnabled":true},"in2DMode":false,"pivot":{"x":-9.020014762878418,"y":-7.505513668060303,"z":0.012939929962158203},"rotation":{"x":-0.07069669663906098,"y":0.927628755569458,"z":-0.22878551483154298,"w":-0.28664419054985049},"size":3.4347939491271974,"orthographic":false}