{"cameraMode":{"drawMode":0,"name":"Shaded","section":"Shading Mode"},"sceneLighting":true,"audioPlay":false,"sceneViewState":{"showFog":true,"showMaterialUpdate":false,"showSkybox":false,"showFlares":true,"showImageEffects":true,"showParticleSystems":true,"showVisualEffectGraphs":true,"m_FxEnabled":true},"in2DMode":false,"pivot":{"x":-2.1743295192718508,"y":-9.145099639892579,"z":-2.1007156372070314},"rotation":{"x":0.1092689260840416,"y":-0.014909584075212479,"z":0.0016391606768593193,"w":0.9938973188400269},"size":14.2210054397583,"orthographic":false}