{"cameraMode":{"drawMode":0,"name":"Shaded","section":"Shading Mode"},"sceneLighting":false,"audioPlay":false,"sceneViewState":{"showFog":true,"showMaterialUpdate":false,"showSkybox":false,"showFlares":true,"showImageEffects":true,"showParticleSystems":true,"showVisualEffectGraphs":true,"m_FxEnabled":true},"in2DMode":false,"pivot":{"x":49.65324020385742,"y":0.23499250411987306,"z":0.3005657196044922},"rotation":{"x":0.15388333797454835,"y":-0.005928550846874714,"z":0.0009233206510543823,"w":0.9880709052085877},"size":11.082079887390137,"orthographic":false}